{"home":{"react-jss":[972,718,802,830.6666666666666],"styled-components":[924,695,715,778],"typestyle":[851,792,675,772.6666666666666]},"table":{"react-jss":[884,779,875,846],"styled-components":[959,815,702,825.3333333333334],"typestyle":[799,935,765,833]}}
