{"react-jss":[2316,1553,1461,1776.6666666666667],"typestyle":[2039,1554,1670,1754.3333333333333]}
