{"home":{"react-jss":[1809,1564,1376,1583],"styled-components":[1692,1401,1612,1568.3333333333333],"typestyle":[1540,1577,1439,1518.6666666666667]},"table":{"react-jss":[2046,1574,1877,1832.3333333333333],"styled-components":[1482,1893,1485,1620],"typestyle":[1857,1557,1832,1748.6666666666667]}}
