{"react-jss":[1840,1586,1448,1624.6666666666667],"typestyle":[1666,1422,1665,1584.3333333333333]}
