{"home":{"react-jss":[947,685,745,792.3333333333334],"styled-components":[976,698,678,784],"typestyle":[729,841,709,759.6666666666666]},"table":{"react-jss":[1108,740,767,871.6666666666666],"styled-components":[959,797,709,821.6666666666666],"typestyle":[756,863,801,806.6666666666666]}}
