{"home":{"sass":[976,771,20660,7469],"react-jss":[824,814,1480,1039.3333333333333],"styled-components":[863,710,783,785.3333333333334],"typestyle":[834,790,1652,1092]},"table":{"sass":[896,832,1461,1063],"react-jss":[890,918,1542,1116.6666666666667],"styled-components":[891,823,1732,1148.6666666666667],"typestyle":[849,714,1285,949.3333333333334]}}
