{"home":{"react-jss":[1959,1421,22618,8666],"typestyle":[1492,1387,2108,1662.3333333333333]},"table":{"react-jss":[1804,1628,3094,2175.3333333333335],"typestyle":[1686,2904,2387,2325.6666666666665]}}
