{"duration":{"react-jss":[72.99499999498948,21.739999996498227,17.85499998368323,37.52999999172365],"typestyle":[34.740000031888485,18.05499999318272,14.395000005606562,22.39666667689259]},"domInteractive":{"react-jss":[61.19000003673136,21.355000033508986,16.629999969154596,33.058333346464984],"typestyle":[34.55000004032627,17.859999963548034,14.28999996278435,22.23333332221955]},"domContentLoadedEventEnd":{"react-jss":[61.21000001439825,21.39000000897795,16.669999982696027,33.09000000202408],"typestyle":[34.58500001579523,17.87999999942258,14.309999998658895,22.258333337958902]},"domComplete":{"react-jss":[72.98500003525987,21.73500001663342,17.85499998368323,37.52500001185884],"typestyle":[34.73000001395121,18.049999955110252,14.389999967534095,22.389999978865188]},"FirstMeaningfulPaint":{"react-jss":[26.651999950408936,20.977999985218048,27.79200005531311,25.140666663646698],"typestyle":[23.542999982833862,40.896000027656555,23.066000044345856,29.16833335161209]}}
