{"home":{"duration":{"react-jss":[60.75499998405576,28.33000000100583,28.185000002849847,39.08999999597048],"styled-components":[61.745000013615936,28.905000013764948,28.759999957401305,39.80333332826073],"typestyle":[50.14499998651445,27.15499995974824,33.125000016298145,36.80833332085361]},"domInteractive":{"react-jss":[60.53000001702458,28.14000000944361,27.999999991152436,38.89000000587354],"styled-components":[60.31500000972301,28.50000001490116,28.349999978672713,39.05500000109896],"typestyle":[49.91999996127561,26.970000006258488,32.93500002473593,36.60833333075667]},"domContentLoadedEventEnd":{"react-jss":[60.55499997455627,28.17000000504777,28.040000004693866,38.92166666143263],"styled-components":[60.37500000093132,28.54000002844259,28.384999954141676,39.0999999945052],"typestyle":[49.96999999275431,27.009999961592257,32.97000000020489,36.64999998485049]},"domComplete":{"react-jss":[60.75000000419095,28.320000041276217,28.18000002298504,39.08333335615074],"styled-components":[61.745000013615936,28.90000003390014,28.7549999775365,39.80000000835086],"typestyle":[50.14000000664964,27.149999979883432,33.11999997822568,36.80333332158625]},"FirstMeaningfulPaint":{"react-jss":[54.612999975681305,51.3740000128746,54.67799997329712,53.55499998728434],"styled-components":[40.34199994802475,47.72699999809265,44.392999947071075,44.15399996439616],"typestyle":[49.23600000143051,55.13300001621246,42.01299995183945,48.793999989827476]}},"table":{"duration":{"react-jss":[220.0650000013411,197.08000001264736,90.68000002298504,169.2750000123245],"styled-components":[241.65500001981854,252.38499999977648,206.07000001473352,233.37000001144284],"typestyle":[93.2850000099279,73.55500000994653,75.13999997172505,80.65999999719982]},"domInteractive":{"react-jss":[77.63999997405335,65.50999998580664,59.68499998562038,67.61166664849345],"styled-components":[118.5350000159815,124.46500000078231,101.92500002449378,114.97500001375253],"typestyle":[68.77499999245629,53.7999999942258,55.5249999742955,59.366666653659195]},"domContentLoadedEventEnd":{"react-jss":[77.6649999897927,65.54499996127561,59.75499999476597,67.65499998194475],"styled-components":[118.55499999364838,124.56999998539686,101.95999999996275,115.028333326336],"typestyle":[68.80999996792525,53.82999998982996,55.554999969899654,59.39833330921829]},"domComplete":{"react-jss":[220.05999996326864,197.0699999947101,90.68000002298504,169.26999999365458],"styled-components":[241.6300000040792,252.37500004004687,206.04000001912937,233.3483333544185],"typestyle":[93.27499999199063,73.55500000994653,75.13000001199543,80.65333333797753]},"FirstMeaningfulPaint":{"react-jss":[204.82400000095367,204.83499997854233,208.23599994182587,205.96499997377396],"styled-components":[217.95999997854233,248.79499995708466,246.61500000953674,237.78999998172125],"typestyle":[307.9210000038147,347.38599997758865,349.1739999651909,334.82699998219806]}}}
