{"home":{"duration":{"react-jss":[66.09999999636784,40.51500000059605,65.2550000231713,46.70000000623986,42.45500004617497,52.205000014510006],"sass":[65.30499999644235,39.26000004867092,40.21999996621162,38.07999996934086,41.44499998074025,44.8619999922812],"styled-components":[57.02999996719882,39.95999996550381,36.96999995736405,38.47000002861023,37.34999999869615,41.95599998347461],"treat":[56.4549999544397,33.28999999212101,55.24999997578561,37.11000003386289,31.39499999815598,42.69999999087304],"typestyle":[51.020000013522804,35.64000001642853,27.104999986477196,28.615000017452985,28.609999979380518,34.19800000265241]},"domInteractive":{"react-jss":[65.88499998906627,40.31000001123175,65.04000001586974,46.440000005532056,42.23500000080094,51.98200000450015],"sass":[64.11499995738268,38.835000013932586,38.89999998500571,37.62999997707084,40.25999997975305,43.94799998262897],"styled-components":[55.954999988898635,39.58499996224418,36.5299999830313,37.874999979976565,36.900000006426126,41.36899998411536],"treat":[56.27000000094995,33.0250000115484,55.02500000875443,36.874999990686774,31.134999997448176,42.466000001877546],"typestyle":[50.82500004209578,35.474999982398,26.895000017248094,28.385000012349337,28.359999996609986,33.98800001014024]},"domContentLoadedEventEnd":{"react-jss":[65.91499998467043,40.34999996656552,65.10000000707805,46.48499999893829,42.27500001434237,52.02499999431893],"sass":[64.15499997092411,38.87000004760921,38.954999996349216,37.659999972674996,40.29999999329448,43.9879999961704],"styled-components":[55.98499998450279,39.615000016056,36.564999958500266,37.914999993517995,36.93000000203028,41.40199999092147],"treat":[56.30999995628372,33.085000002756715,55.074999982025474,36.92500002216548,31.179999990854412,42.51499999081716],"typestyle":[50.860000017564744,35.49500001827255,26.929999992717057,28.43499998562038,28.404999990016222,34.02500000083819]},"domComplete":{"react-jss":[66.09500001650304,40.50999996252358,65.2500000433065,46.68999998830259,42.450000008102506,52.19900000374764],"sass":[65.29999995836988,39.25500001059845,40.21499998634681,38.07000000961125,41.44000000087544,44.85599999316037],"styled-components":[57.02499998733401,39.954999985639006,36.96499997749925,38.47000002861023,37.34499996062368,41.951999987941235],"treat":[56.4549999544397,33.285000012256205,55.240000016056,37.100000015925616,31.390000018291175,42.69400000339374],"typestyle":[51.015000033658,35.63499997835606,27.08500000881031,28.61000003758818,28.609999979380518,34.191000007558614]},"FirstMeaningfulPaint":{"react-jss":[36.709000007249415,47.70500003360212,34.79100001277402,42.41400002501905,41.32799996295944,40.58940000832081],"sass":[46.8809999874793,50.47100002411753,47.82199999317527,56.665000040084124,55.61899999156594,51.49160000728443],"styled-components":[52.1380000282079,47.498000029008836,55.388999986462295,52.71100002573803,53.09599998872727,52.166400011628866],"treat":[71.16799999494106,69.70300001557916,65.33999997191131,65.69300004048273,69.16099996306002,68.21299999719486],"typestyle":[55.010999960359186,49.847999995108694,63.199999975040555,58.880999975372106,60.12500001816079,57.412999984808266]},"LayoutCount":{"react-jss":["2","3","3","3","3"],"sass":["2","2","2","2","2"],"styled-components":["2","2","2","2","2"],"treat":["3","3","3","3","3"],"typestyle":["3","3","3","3","3"]},"LayoutDuration":{"react-jss":[0.536,0.515,0.5109999999999999,0.528,0.6130000000000001,0.5406],"sass":[0.41800000000000004,0.358,0.444,0.406,0.40700000000000003,0.40659999999999996],"styled-components":[0.355,0.42700000000000005,0.383,0.415,0.42700000000000005,0.40140000000000003],"treat":[0.705,0.46099999999999997,0.44499999999999995,0.437,0.505,0.5105999999999999],"typestyle":[0.46799999999999997,0.546,0.45399999999999996,0.546,0.483,0.49940000000000007]},"RecalcStyleCount":{"react-jss":["2","3","3","3","3"],"sass":["3","2","3","2","2"],"styled-components":["2","3","2","3","3"],"treat":["3","3","3","3","3"],"typestyle":["3","3","3","3","3"]},"RecalcStyleDuration":{"react-jss":[0.34,0.5479999999999999,0.395,0.887,0.443,0.5226],"sass":[0.41800000000000004,0.319,0.441,0.372,0.395,0.38900000000000007],"styled-components":[0.332,0.395,0.376,0.464,0.44499999999999995,0.4024],"treat":[0.49200000000000005,0.389,0.371,0.415,0.41800000000000004,0.417],"typestyle":[0.422,0.46299999999999997,0.41100000000000003,0.43,0.408,0.42679999999999996]},"ScriptDuration":{"react-jss":[6.597,8.163,6.439,8.424,6.747000000000001,7.274000000000001],"sass":[8.016,6.596,7.515,7.681,8.253,7.6122],"styled-components":[7.577999999999999,4.909,8.297,8.092,8.207,7.4166],"treat":[26.113,26.971999999999998,26.214000000000002,24.877,26.316,26.098399999999998],"typestyle":[21.657,6.034000000000001,24.401,22.238999999999997,22.372,19.3406]},"TaskDuration":{"react-jss":[49.059,32.781,53.068999999999996,51.598,54.368,48.175],"sass":[33.925999999999995,27.425,32.694,33.624,33.876000000000005,32.309000000000005],"styled-components":[29.415,26.908,33.916000000000004,34.094,34.746,31.815800000000003],"treat":[53.113,53.958,61.544000000000004,59.024,64.092,58.346199999999996],"typestyle":[43.095,32.032,49.099999999999994,47.296,47.521,43.8088]}},"table":{"duration":{"react-jss":[234.05500000808388,107.7299999888055,195.4750000149943,205.40500001516193,206.41499996418133,189.8159999982454],"sass":[236.16500000935048,230.12000002199784,230.25999998208135,255.44000003719702,250.75499998638406,240.54800000740215],"styled-components":[222.34500001650304,247.51999997533858,245.86500000441447,270.1099999831058,246.67500000214204,246.5029999963008],"treat":[223.21000002557412,199.93499998236075,223.52500003762543,223.1000000028871,197.16000003973022,213.38600001763552],"typestyle":[87.47499994933605,88.98499998031184,86.62499999627471,93.37999997660518,93.6999999685213,90.03299997420982]},"domInteractive":{"react-jss":[85.45500005129725,69.23999998252839,69.8050000355579,70.6849999842234,73.9049999974668,73.81800001021475],"sass":[120.12000003596768,114.41999999806285,108.38500002864748,122.22499999916181,120.85000000661239,117.20000001369044],"styled-components":[115.94000004697591,118.74000000534579,119.81000000378117,137.9499999457039,115.09999999543652,121.50799999944866],"treat":[97.78499999083579,71.54999999329448,96.75500000594184,84.99499998288229,66.99500000104308,83.6159999947995],"typestyle":[63.70499997865409,64.74999996135011,62.33499996596947,69.2449999623932,69.26999997813255,65.86099996929988]},"domContentLoadedEventEnd":{"react-jss":[85.48000000882894,69.26999997813255,69.83500003116205,70.70999999996275,73.93999997293577,73.84699999820441],"sass":[120.15000003157184,114.46000001160428,108.43000002205372,122.27500003064051,120.89000002015382,117.24100002320483],"styled-components":[115.9650000045076,118.81499999435619,119.85999997705221,137.9949999973178,115.14499998884276,121.55599999241531],"treat":[97.83500002231449,71.57999998889863,96.81000001728535,85.02499997848645,67.0300000347197,83.65600000834092],"typestyle":[63.734999974258244,64.76499995915219,62.3699999996461,69.27999999606982,69.30999999167398,65.89199998416007]},"domComplete":{"react-jss":[234.05000002821907,107.7250000089407,195.4750000149943,205.39499999722466,206.40500000445172,189.8100000107661],"sass":[236.16000002948567,230.11499998392537,230.25500000221655,255.42500003939494,250.75000000651926,240.54100001230836],"styled-components":[222.34000003663823,247.51499999547377,245.859999966342,270.09999996516854,246.66499998420477,246.49599998956546],"treat":[223.20499998750165,199.92500002263114,223.51999999955297,223.0950000230223,197.15500000165775,213.38000000687316],"typestyle":[87.46999996947125,88.96999998250976,86.60999999847263,93.3699999586679,93.69000000879169,90.02199998358265]},"FirstMeaningfulPaint":{"react-jss":[197.12900003651157,180.35099998814985,208.36599997710437,189.6089999936521,193.1730000069365,193.72560000047088],