{"home":{"duration":{"emotion-styled":[75.30999998562038,52.01999994460493,46.48499994073063,49.205000046640635,49.00999995879829,54.405999975278974],"react-jss":[60.26000005658716,55.22999993991107,37.58500004187226,38.3000000147149,40.55500007234514,46.386000025086105],"sass":[56.65499996393919,34.51999998651445,34.16500007733703,34.27000006195158,33.23000005912036,38.56800002977252],"styled-components":[64.15999995078892,37.00000001117587,36.699999938718975,37.46999998111278,37.339999922551215,42.53399996086955],"treat":[53.69500000961125,32.63500006869435,27.455000090412796,26.75499999895692,27.08499995060265,33.52500002365559],"typestyle":[50.50000001210719,25.98000003490597,27.25000004284084,26.22999995946884,26.774999918416142,31.346999993547797]},"domInteractive":{"emotion-styled":[62.824999913573265,50.854999921284616,45.240000006742775,47.88500000722706,47.694999957457185,50.89999996125698],"react-jss":[59.8450000397861,54.12500002421439,36.4150000968948,37.11000003386289,36.750000086613,44.849000056274235],"sass":[55.40499999187887,34.08999997191131,33.61000004224479,33.765000058338046,32.620000070892274,37.89800002705306],"styled-components":[62.799999956041574,36.59499995410442,36.299999919719994,36.90499998629093,36.87999991234392,41.89599994570017],"treat":[53.380000055767596,32.364999991841614,27.070000069215894,26.28500002902001,26.57999994698912,33.13600001856685],"typestyle":[50.1999999396503,25.78999998513609,27.04499999526888,26.040000026114285,26.57999994698912,31.130999978631735]},"domContentLoadedEventEnd":{"emotion-styled":[62.84999998752028,50.89499999303371,45.279999962076545,47.9300000006333,47.750000027008355,50.94099999405444],"react-jss":[59.89499995484948,54.164999979548156,36.45500005222857,37.140000029467046,36.79000004194677,44.889000011608005],"sass":[55.44499994721264,34.125000005587935,33.65500003565103,33.81000005174428,32.65499998815358,37.93800000566989],"styled-components":[62.839999911375344,36.62999998778105,36.32999991532415,36.97499993722886,36.9449999416247,41.94399993866682],"treat":[53.4149999730289,32.40000002551824,27.105000102892518,26.32499998435378,26.609999942593277,33.17100000567734],"typestyle":[50.25999993085861,25.830000056885183,27.085000067017972,26.079999981448054,26.62000001873821,31.175000010989606]},"domComplete":{"emotion-styled":[75.29999990947545,52.014999906532466,46.479999902658165,49.20000000856817,49.005000037141144,54.39999995287508],"react-jss":[60.25500001851469,55.22500001825392,37.57500008214265,38.28999993856996,40.544999996200204,46.37800001073629],"sass":[56.65499996393919,34.51499994844198,34.14500004146248,34.260000102221966,33.22500002104789,38.5600000154227],"styled-components":[64.15499991271645,36.994999973103404,36.69500001706183,37.46499994304031,37.33500000089407,42.52899996936321],"treat":[53.68999997153878,32.630000030621886,27.45000005234033,26.75499999895692,27.07499999087304,33.52000000886619],"typestyle":[50.48999993596226,25.974999996833503,27.240000083111227,26.225000037811697,26.769999996758997,31.340000010095537]},"FirstMeaningfulPaint":{"emotion-styled":[45.29499995987862,29.55199999269098,39.4790000282228,43.464999995194376,38.610000046901405,39.28020000457764],"react-jss":[53.55100007727742,57.04200000036508,59.75999997463077,55.776000022888184,55.86199997924268,56.39820001088083],"sass":[49.75699994247407,55.49299996346235,48.34600002504885,47.25600010715425,62.33300000894815,52.637000009417534],"styled-components":[46.03900003712624,54.16099994909018,55.234999977983534,60.08700001984835,52.91399999987334,53.68719999678433],"treat":[51.57000001054257,48.48799994215369,49.992999993264675,55.526999989524484,51.06500000692904,51.32859998848289],"typestyle":[50.05999992135912,63.52099997457117,63.42299992684275,67.18699994962662,63.17400000989437,61.47299995645881]},"LayoutCount":{"emotion-styled":["2","2","2","2","1"],"react-jss":["2","2","2","2","2"],"sass":["2","2","2","2","2"],"styled-components":["2","2","2","2","2"],"treat":["2","2","2","2","2"],"typestyle":["3","3","3","3","3"]},"LayoutDuration":{"emotion-styled":[0.363,0.339,0.389,0.359,0.297,0.3494],"react-jss":[0.456,0.455,0.514,0.392,0.414,0.44620000000000004],"sass":[0.368,0.425,0.367,0.4,0.434,0.3988],"styled-components":[0.391,0.448,0.437,0.421,0.44,0.4274],"treat":[0.33,0.417,0.425,0.388,0.386,0.38920000000000005],"typestyle":[0.40499999999999997,0.46099999999999997,0.443,0.558,0.441,0.46159999999999995]},"RecalcStyleCount":{"emotion-styled":["2","2","2","2","1"],"react-jss":["2","2","2","2","2"],"sass":["3","2","3","3","2"],"styled-components":["3","3","2","2","2"],"treat":["2","2","2","2","2"],"typestyle":["3","3","3","3","3"]},"RecalcStyleDuration":{"emotion-styled":[0.33799999999999997,0.3,0.331,0.315,0.217,0.30019999999999997],"react-jss":[0.389,0.347,0.36200000000000004,0.359,0.35100000000000003,0.36160000000000003],"sass":[0.377,0.414,0.39399999999999996,0.42000000000000004,0.393,0.3996],"styled-components":[0.373,0.45399999999999996,0.368,0.402,0.359,0.3912],"treat":[0.361,0.393,0.392,0.39,0.388,0.3848],"typestyle":[0.36200000000000004,0.423,0.39399999999999996,0.523,0.40299999999999997,0.421]},"ScriptDuration":{"emotion-styled":[5.345,5.176,5.231000000000001,5.183,5.046,5.1962],"react-jss":[8.924,8.848999999999998,8.874,8.600999999999999,8.887,8.827],"sass":[4.388999999999999,5.265,4.77,5.233,5.38,5.0074],"styled-components":[7.2540000000000004,8.262,8.279,8.489,8.547,8.1662],"treat":[18.925,5.093,5.01,4.969,4.908,7.781000000000001],"typestyle":[20.505,24.214,23.671,24.150000000000002,23.505000000000003,23.208999999999996]},"TaskDuration":{"emotion-styled":[50.677,43.129,53.260000000000005,53.682,49.800999999999995,50.10979999999999],"react-jss":[35.712,35.524,36.006,35.859,37.196,36.0594],"sass":[38.462,34.717,28.998,32.52,34.131,33.7656],"styled-components":[30.035,36.769999999999996,33.324,36.684000000000005,34.26499999999999,34.215599999999995],"treat":[38.954,32.283,30.338,31.766999999999996,32.260999999999996,33.120599999999996],"typestyle":[39.489999999999995,49.94,49.493,52.263,49.439,48.125]}},"table":{"duration":{"emotion-styled":[255.45499997679144,201.1900000507012,211.00000001024455,215.70999990217388,246.1300001014024,225.8970000082627],"react-jss":[203.28500005416572,96.62999992724508,174.06500002834946,100.39499995764345,177.38999996799976,150.3529999870807],"sass":[193.22499993722886,88.31999998074025,92.51500002574176,90.62999999150634,86.46000002045184,110.22999999113381],"styled-components":[243.28000005334616,219.82499992009252,219.58499995525926,223.32500002812594,216.57500008586794,224.51800000853837],"treat":[197.5800000363961,171.96499998681247,93.05999998468906,94.4700000109151,94.45999993477017,130.30699999071658],"typestyle":[85.04499995615333,84.1700000455603,89.28499999456108,83.01000006031245,81.37000002898276,84.57600001711398]},"domInteractive":{"emotion-styled":[112.63500002678484,88.75500003341585,102.36999997869134,102.8199999127537,101.95999999996275,101.7079999903217],"react-jss":[77.08000007551163,63.639999949373305,64.83499996829778,64.10499999765307,63.36999998893589,66.60599999595433],"sass":[59.04500000178814,53.7499999627471,56.82499997783452,55.86500000208616,53.405000013299286,55.77799999155104],"styled-components":[118.17999999038875,107.67999989911914,110.0200000219047,111.21500004082918,108.01000008359551,111.02100000716746],"treat":[70.90499997138977,62.68500001169741,59.07000007573515,60.36500004120171,59.7950000083074,62.56400002166629],"typestyle":[64.81000001076609,63.965000095777214,63.824999961070716,62.26000003516674,60.67000003531575,63.1060000276193]},"domContentLoadedEventEnd":{"emotion-styled":[112.665000022389,88.79000006709248,102.41000005044043,102.84999990835786,102.01000003144145,101.74500001594424],"react-jss":[77.11500010918826,63.66999994497746,64.86499996390194,64.13499999325722,63.399999984540045,66.63699999917299],