{"duration":{"react-jss":[67.45499995304272,20.87999996729195,17.070000001695007,35.134999974009894],"typestyle":[32.484999974258244,17.029999988153577,13.9299999573268,21.14833330657954]},"domInteractive":{"react-jss":[58.034999994561076,20.565000013448298,15.970000007655472,31.52333333855495],"typestyle":[32.37999998964369,16.850000014528632,13.76999996136874,20.99999998851369]},"domContentLoadedEventEnd":{"react-jss":[58.05499997222796,20.58999997097999,15.990000043530017,31.54499999557932],"typestyle":[32.39999996731058,16.875000030267984,13.789999997243285,21.021666664940614]},"domComplete":{"react-jss":[67.4449999933131,20.87999996729195,17.0650000218302,35.12999999414509],"typestyle":[32.47499995632097,17.02500000828877,13.9299999573268,21.14333330731218]},"FirstMeaningfulPaint":{"react-jss":[19.798000037670135,21.921000003814697,42.287999987602234,28.002333343029022],"typestyle":[41.31400001049042,20.22400003671646,25.167999923229218,28.901999990145367]}}
