{"home":{"duration":{"react-jss":[62.87000002339482,50.96000002231449,49.724999989848584,48.91499999212101,43.18999999668449,51.13200000487268],"sass":[54.00000000372529,36.01500001968816,37.72000002209097,36.88999998848885,39.58499996224418,40.84199999924749],"styled-components":[55.17500004498288,36.19999997317791,35.36000003805384,29.4749999884516,36.28500003833324,38.499000016599894],"typestyle":[48.12000005040318,26.344999962020665,29.800000018440187,30.440000002272427,29.145000036805868,32.770000013988465]},"domInteractive":{"react-jss":[62.6300000003539,50.765000050887465,49.494999984744936,48.654999991413206,42.985000007320195,50.90600000694394],"sass":[52.96500003896654,35.644999996293336,37.300000025425106,34.045000036712736,38.39999996125698,39.67100001173094],"styled-components":[54.09500002861023,34.94499996304512,34.89500004798174,29.054999991785735,35.78999999444932,37.75600000517443],"typestyle":[47.89000004529953,26.145000010728836,29.585000011138618,30.180000001564622,28.9300000295043,32.54600001964718]},"domContentLoadedEventEnd":{"react-jss":[62.680000031832606,50.79500004649162,49.549999996088445,48.72500000055879,43.01999998278916,50.954000011552125],"sass":[53.004999994300306,35.685000009834766,37.33500000089407,34.0800000121817,38.43999997479841,39.70899999840185],"styled-components":[54.15000003995374,34.97499995864928,34.9300000234507,29.095000005327165,35.819999990053475,37.79400000348687],"typestyle":[47.95500001637265,26.190000004135072,29.62500002468005,30.224999994970858,28.98000000277534,32.595000008586794]},"domComplete":{"react-jss":[62.87000002339482,50.95500004244968,49.72000000998378,48.909999954048544,43.185000016819686,51.1280000093393],"sass":[54.00000000372529,36.01000003982335,37.714999984018505,36.88000002875924,39.57999998237938,40.83700000774115],"styled-components":[55.17500004498288,36.194999993313104,35.36000003805384,29.470000008586794,36.28000000026077,38.49600001703948],"typestyle":[48.11500001233071,26.33999998215586,29.79499998036772,30.43500002240762,29.1399999987334,32.76499999919906]},"FirstMeaningfulPaint":{"react-jss":[38.82600003480911,43.744000017642975,42.39900004863739,44.0789999961853,40.54299998283386,41.91820001602173],"sass":[54.31099998950958,59.0789999961853,46.74200004339218,55.63300001621246,50.851000010967255,53.323200011253356],"styled-components":[54.25699996948242,51.80199998617172,55.003000020980835,53.56099998950958,50.3189999461174,52.98839998245239],"typestyle":[50.30299997329712,60.04100000858307,56.403999984264374,44.93400001525879,54.08800005912781,53.15400000810623]}},"table":{"duration":{"react-jss":[216.87999996356666,100.49500002060086,102.15500002959743,102.90499997790903,198.4599999850616,144.1789999953471],"sass":[215.09499999228865,217.2850000206381,208.49500002805144,211.21500001754612,245.10499997995794,219.43900000769645],"styled-components":[210.85500001208857,220.8049999899231,232.97999997157604,207.53999997396022,252.34499998623505,224.9049999867566],"typestyle":[83.63000000827014,84.34499998111278,95.63000005437061,84.03500000713393,91.50500001851469,87.82900001388043]},"domInteractive":{"react-jss":[78.13999999780208,68.42500000493601,69.54500003485009,70.03499998245388,71.2799999746494,71.48499999893829],"sass":[111.29000002983958,110.8650000533089,107.61499998625368,108.17500000121072,118.01500001456589,111.19200001703575],"styled-components":[106.99499998008832,113.40500001097098,109.20499998610467,101.11499996855855,125.70999999297783,111.28599998774007],"typestyle":[63.414999982342124,63.1699999794364,70.15000004321337,63.280000002123415,67.97000003280118,65.5970000079833]},"domContentLoadedEventEnd":{"react-jss":[78.16999999340624,68.45500000054017,69.57500003045425,70.06499997805804,71.30999997025356,71.51499999454245],"sass":[111.31499998737127,110.92500004451722,107.6500000199303,108.22499997448176,118.04999999003485,111.23300000326708],"styled-components":[107.01999999582767,113.46000002231449,109.2499999795109,101.1350000044331,125.76500000432134,111.3260000012815],"typestyle":[63.45000001601875,63.20500001311302,70.1950000366196,63.32499999552965,68.00999998813495,65.6370000098832]},"domComplete":{"react-jss":[216.87499998370185,100.48999998252839,102.14999999152496,102.89499995997176,198.45500000519678,144.17299998458475],"sass":[215.09000001242384,217.27500000270084,208.48999998997897,211.20000001974404,245.09500002022833,219.4300000090152],"styled-components":[210.8449999941513,220.79500003019348,232.96999995363876,207.52999995602295,252.33500002650544,224.89499999210238],"typestyle":[83.62499997019768,84.33500002138317,95.61500005656853,84.02499998919666,91.49500000057742,87.81900000758469]},"FirstMeaningfulPaint":{"react-jss":[210.8540000319481,189.7130000591278,208.37000000476837,182.68099999427795,200.48499995470047,198.42060000896453],"sass":[220.89800000190735,257.16799998283386,225.8059999346733,266.84299993515015,221.091000020504,238.36119997501373],"styled-components":[224.44800001382828,225.72400003671646,257.14600002765656,252.90800005197525,215.05000001192093,235.0552000284195],"typestyle":[346.6719999909401,278.3120000362396,305.529000043869,324.5979999899864,280.37800002098083,307.0978000164032]}}}
