{
    "home": {
        "duration": {
            "react-jss": [
                64.65999997453764,
                38.609999988693744,
                46.00500001106411,
                47.99500002991408,
                45.120000024326146,
                48.478000005707145
            ],
            "sass": [
                55.17500004498288,
                41.10999999102205,
                37.07999998005107,
                37.29499998735264,
                36.29499999806285,
                41.3910000002943
            ],
            "styled-components": [
                54.899999988265336,
                35.5549999512732,
                37.39999997196719,
                34.275000041816384,
                35.6000000028871,
                39.54599999124184
            ],
            "treat": [
                62.95500003034249,
                29.61999998660758,
                29.920000000856817,
                29.84999999171123,
                30.510000011418015,
                36.571000004187226
            ],
            "typestyle": [
                48.73000003863126,
                32.10499999113381,
                27.605000010225922,
                26.759999978821725,
                28.575000003911555,
                32.755000004544854
            ]
        },
        "domInteractive": {
            "react-jss": [
                64.41499997163191,
                38.394999981392175,
                45.82499997923151,
                47.78500000247732,
                44.894999999087304,
                48.262999986764044
            ],
            "sass": [
                54.1050000465475,
                40.009999996982515,
                35.89499997906387,
                36.87999997055158,
                35.860000003594905,
                40.549999999348074
            ],
            "styled-components": [
                53.29499999061227,
                34.43999995943159,
                36.94499999983236,
                33.805000013671815,
                35.180000006221235,
                38.732999993953854
            ],
            "treat": [
                62.760000000707805,
                29.425000015180558,
                29.719999991357327,
                29.624999966472387,
                30.244999972637743,
                36.354999989271164
            ],
            "typestyle": [
                48.54000004706904,
                31.82500001275912,
                27.40500000072643,
                26.5650000073947,
                28.310000023338944,
                32.52900001825765
            ]
        },
        "domContentLoadedEventEnd": {
            "react-jss": [
                64.46500000311062,
                38.42999995686114,
                45.84999999497086,
                47.82500001601875,
                44.94500003056601,
                48.303000000305474
            ],
            "sass": [
                54.14500000188127,
                40.03999999258667,
                35.93000001274049,
                36.90999996615574,
                35.90999997686595,
                40.586999990046024
            ],
            "styled-components": [
                53.35000000195578,
                34.47499999310821,
                36.994999973103404,
                33.85500004515052,
                35.21000000182539,
                38.77700000302866
            ],
            "treat": [
                62.78000003658235,
                29.464999970514327,
                29.75500002503395,
                29.67499999795109,
                30.284999986179173,
                36.39200000325218
            ],
            "typestyle": [
                48.575000022538006,
                31.86499996809289,
                27.445000014267862,
                26.610000000800937,
                28.350000036880374,
                32.569000008516014
            ]
        },
        "domComplete": {
            "react-jss": [
                64.65499999467283,
                38.609999988693744,
                46.00500001106411,
                47.99500002991408,
                45.11000000638887,
                48.47500000614673
            ],
            "sass": [
                55.17500004498288,
                41.105000011157244,
                37.07000002032146,
                37.28999994928017,
                36.28999995999038,
                41.38599999714643
            ],
            "styled-components": [
                54.88999997032806,
                35.5499999714084,
                37.39999997196719,
                34.27000000374392,
                35.595000023022294,
                39.54099998809397
            ],
            "treat": [
                62.95500003034249,
                29.615000006742775,
                29.91500002099201,
                29.844999953638762,
                30.504999973345548,
                36.56699999701232
            ],
            "typestyle": [
                48.72500000055879,
                32.094999973196536,
                27.59499999228865,
                26.75499999895692,
                28.57000002404675,
                32.74799999780953
            ]
        },
        "FirstMeaningfulPaint": {
            "react-jss": [
                40.5789999961853,
                50.16500002145767,
                31.79100000858307,
                33.88800001144409,
                42.214999973773956,
                39.72760000228882
            ],
            "sass": [
                46.442999958992004,
                46.95100003480911,
                57.34199994802475,
                48.385999977588654,
                48.958000004291534,
                49.61599998474121
            ],
            "styled-components": [
                48.05400002002716,
                45.83800005912781,
                47.49700003862381,
                54.814999997615814,
                60.73299998044968,
                51.38740001916885
            ],
            "treat": [
                63.59099996089935,
                58.008999943733215,
                67.34800004959106,
                67.03899997472763,
                67.31800001859665,
                64.66099998950958
            ],
            "typestyle": [
                63.54900002479553,
                53.30900001525879,
                61.07299995422363,
                65.59999996423721,
                65.01300001144409,
                61.70879999399185
            ]
        },
        "LayoutCount": {
            "react-jss": ["3000", "3000", "3000", "3000", "3000", 6000600060006001000],
            "sass": ["2000", "2000", "2000", "2000", "2000", 4000400040004000300],
            "styled-components": ["2000", "2000", "2000", "2000", "2000", 4000400040004000300],
            "treat": ["3000", "3000", "3000", "3000", "3000", 6000600060006001000],
            "typestyle": ["3000", "3000", "3000", "3000", "3000", 6000600060006001000]
        },
        "LayoutDuration": {
            "react-jss": [0.42700000000000005, 0.502, 0.456, 0.45199999999999996, 0.429, 0.4532],
            "sass": [0.361, 0.40499999999999997, 0.44, 0.423, 0.55, 0.4358000000000001],
            "styled-components": [0.393, 0.438, 0.43600000000000005, 0.39599999999999996, 0.399, 0.4124],
            "treat": [0.441, 0.525, 0.455, 0.45, 0.46, 0.4662],
            "typestyle": [0.45, 0.457, 0.443, 0.49, 0.48500000000000004, 0.465]
        },
        "RecalcStyleCount": {
            "react-jss": ["3000", "3000", "3000", "3000", "3000", 6000600060006001000],
            "sass": ["3000", "3000", "2000", "3000", "3000", 6000600040006001000],
            "styled-components": ["3000", "3000", "2000", "3000", "2000", 6000600040006001000],
            "treat": ["3000", "3000", "3000", "3000", "3000", 6000600060006001000],
            "typestyle": ["3000", "3000", "3000", "3000", "3000", 6000600060006001000]
        },