{"home":{"duration":{"sass":[70.3250000369735,30.740000016521662,38.32499997224659,46.463333341913916],"react-jss":[53.740000003017485,29.265000019222498,36.459999973885715,39.82166666537523],"styled-components":[52.964999980758876,28.79499999107793,29.414999997243285,37.058333323026694],"typestyle":[48.64000005181879,27.845000033266842,25.99500003270805,34.16000003926456]},"domInteractive":{"sass":[59.23499999335036,29.600000008940697,37.87999995984137,42.23833332071081],"react-jss":[53.55000001145527,29.05999997165054,36.25000000465661,39.61999999592081],"styled-components":[51.85999994864687,28.344999998807907,28.920000011567026,36.374999986340605],"typestyle":[48.42000000644475,27.63500000583008,25.745000049937516,33.93333335407078]},"domContentLoadedEventEnd":{"sass":[59.27000002702698,29.63499998440966,37.9199999733828,42.27499999493981],"react-jss":[53.580000007059425,29.09999998519197,36.28999995999038,39.65666665074726],"styled-components":[51.88999994425103,28.37999997427687,28.960000025108457,36.40999998121212],"typestyle":[48.45500004012138,27.67500001937151,25.785000005271286,33.97166668825472]},"domComplete":{"sass":[70.3250000369735,30.734999978449196,38.31999999238178,46.4600000026015],"react-jss":[53.73500002315268,29.240000003483146,36.45499999402091,39.81000000688558],"styled-components":[52.96000000089407,28.784999973140657,29.41000001737848,37.051666663804404],"typestyle":[48.630000033881515,27.839999995194376,25.990000052843243,34.153333360639714]},"FirstMeaningfulPaint":{"sass":[40.86800003051758,52.148999989032745,55.22400003671646,49.413666685422264],"react-jss":[48.789000034332275,51.38199996948242,53.273999989032745,51.14833333094915],"styled-components":[58.892999947071075,62.69800001382828,56.42799997329712,59.339666644732155],"typestyle":[49.68500006198883,44.01899999380112,53.44199997186661,49.04866667588552]}},"table":{"duration":{"sass":[238.49999997764826,247.4200000287965,262.4350000405684,249.45166668233773],"react-jss":[211.78000001236796,195.2949999831617,208.9249999844469,205.33333332665885],"styled-components":[272.2849999554455,253.47499997587875,248.41999995987862,258.0599999637343],"typestyle":[93.09500001836568,125.73499995050952,77.87500001722947,98.90166666203488]},"domInteractive":{"sass":[115.74499995913357,122.10999999660999,126.28500000573695,121.37999998716016],"react-jss":[82.16000004904345,66.80999998934567,72.49999995110556,73.82333332983156],"styled-components":[144.77999997325242,123.58499999390915,117.31000000145286,128.55833332287148],"typestyle":[68.81000002613291,102.68999997060746,57.0150000276044,76.17166667478159]},"domContentLoadedEventEnd":{"sass":[115.82999996608123,122.15000001015142,126.32000003941357,121.43333333854874],"react-jss":[82.22500002011657,66.84499996481463,72.54999998258427,73.87333332250516],"styled-components":[144.80000000912696,123.62500000745058,117.34999995678663,128.59166665778807],"typestyle":[68.8300000037998,102.72499994607642,57.050000003073364,76.2016666509832]},"domComplete":{"sass":[238.49499999778345,247.41000001085922,262.42500002263114,249.44333334375793],"react-jss":[211.77500003250316,195.28499996522442,208.9249999844469,205.3283333273915],"styled-components":[272.2749999957159,253.46999999601394,248.41499998001382,258.05333332391456],"typestyle":[93.08500000042841,125.71999995270744,77.8649999992922,98.88999998414268]},"FirstMeaningfulPaint":{"sass":[218.96900004148483,247.22399997711182,226.6500000357628,230.94766668478647],"react-jss":[225.18900001049042,199.78800004720688,197.5310000181198,207.50266669193903],"styled-components":[272.880999982357,246.4099999666214,250.4889999628067,256.5933333039284],"typestyle":[276.5440000295639,321.18099999427795,270.52100002765656,289.41533335049945]}}}
