{"home":{"duration":{"react-jss":[66.6950000450015,46.93000001134351,47.589999972842634,48.40999998850748,46.640000015031546,51.253000006545335],"sass":[59.75999997463077,35.81499995198101,38.66500000003725,36.499999987427145,39.21499999705702,41.99099998222664],"styled-components":[58.76500002341345,36.89499996835366,36.03999997721985,27.875000028871,36.03999997721985,39.12299999501556],"typestyle":[50.93000002671033,26.134999992791563,28.37999997427687,26.095000037457794,27.264999982435256,31.761000002734363]},"domInteractive":{"react-jss":[66.48500001756474,46.70999996596947,47.35499998787418,48.175000003539026,46.440000005532056,51.032999996095896],"sass":[58.68499999633059,35.38999997545034,38.249999983236194,33.540000033099204,38.699999975506216,40.91299999272451],"styled-components":[57.595000020228326,36.284999980125576,35.54499999154359,27.464999991934747,34.779999987222254,38.3339999942109],"typestyle":[50.670000026002526,25.94000002136454,28.17000000504777,25.880000030156225,27.029999997466803,31.538000016007572]},"domContentLoadedEventEnd":{"react-jss":[66.5100000333041,46.75499995937571,47.40999999921769,48.20499999914318,46.46500002127141,51.06900000246242],"sass":[58.71999997179955,35.42999998899177,38.289999996777624,33.60999998403713,38.73500000918284,40.95699999015778],"styled-components":[57.62999999569729,36.35000000940636,35.61000002082437,27.490000007674098,34.820000000763685,38.38000000687316],"typestyle":[50.709999981336296,25.98000003490597,28.214999998454005,25.92500002356246,27.079999970737845,31.582000001799315]},"domComplete":{"react-jss":[66.69000000692904,46.919999993406236,47.58499999297783,48.3949999907054,46.629999997094274,51.243999996222556],"sass":[59.75999997463077,35.81499995198101,38.65499998209998,36.49500000756234,39.210000017192215,41.98699998669326],"styled-components":[58.75999998534098,36.88999998848885,36.034999997355044,27.869999990798533,36.034999997355044,39.11799999186769],"typestyle":[50.924999988637865,26.130000012926757,28.374999994412065,26.089999999385327,27.26000000257045,31.755999999586493]},"FirstMeaningfulPaint":{"react-jss":[40.2039999961853,34.12899994850159,37.52799999713898,44.16200006008148,39.01600003242493,39.007800006866454],"sass":[45.4889999628067,44.019999980926514,47.834000051021576,50.04599994421005,56.50500005483627,48.77879999876022],"styled-components":[48.64800000190735,48.68199998140335,44.342000007629395,55.521000027656555,50.02500003576279,49.44360001087189],"typestyle":[59.39099997282028,54.328000009059906,52.99499994516373,41.52499997615814,54.10299998521805,52.46839997768402]}},"table":{"duration":{"react-jss":[224.4349999818951,105.26500002015382,98.84500002954155,181.02000001817942,184.94000000646338,158.90100001124665],"sass":[251.46500003756955,238.9850000035949,240.28499994892627,215.33500001532957,256.08000002102926,240.4300000052899],"styled-components":[246.2350000278093,225.2149999840185,242.9450000054203,208.10500002698973,230.47999996924773,230.5960000026971],"typestyle":[90.24499997030944,81.5500000026077,92.84499997738749,78.90999998198822,86.92999999038875,86.09599998453632]},"domInteractive":{"react-jss":[81.9599999813363,69.89500002237037,67.98000005073845,67.13999999919906,64.52000001445413,70.29900001361966],"sass":[124.2050000000745,111.98000004515052,113.71499998494983,109.60999998496845,135.52000001072884,119.00600000517443],"styled-components":[119.04499999945983,113.68499998934567,123.07499995222315,101.66000004392117,114.87499997019768,114.4679999910295],"typestyle":[66.6699999710545,61.47000001510605,66.76999997580424,59.305000002495944,64.58000000566244,63.758999994024634]},"domContentLoadedEventEnd":{"react-jss":[82.00500003295019,69.92999999783933,68.01500002620742,67.17500003287569,64.54499997198582,70.33400001237169],"sass":[124.24999999348074,112.01500002061948,113.74999996041879,109.64999999850988,135.57000004220754,119.04700000304729],"styled-components":[119.07000001519918,113.71499998494983,123.12999996356666,101.69500001939014,114.90499996580184,114.50299998978153],"typestyle":[66.69999996665865,61.504999990575016,66.81500002741814,59.33999997796491,64.62000001920387,63.79599999636412]},"domComplete":{"react-jss":[224.4349999818951,105.25999998208135,98.84000004967675,180.99999998230487,184.9299999885261,158.89299999689683],"sass":[251.4599999994971,238.9800000237301,240.27499998919666,215.3299999772571,256.08000002102926,240.42500000214204],"styled-components":[246.2200000300072,225.19999998621643,242.91999998968095,208.10000004712492,230.47499998938292,230.5830000084825],"typestyle":[90.23499995237216,81.53999998467043,92.83500001765788,78.90000002225861,86.92000003065914,86.08600000152364]},"FirstMeaningfulPaint":{"react-jss":[202.1449999809265,197.66200000047684,180.75499999523163,203.70099997520447,176.49799996614456,192.1521999835968],"sass":[250.21299999952316,213.80400002002716,249.69099992513657,227.79199999570847,258.67900002002716,240.0357999920845],"styled-components":[249.94400000572205,213.0829999446869,255.6499999165535,218.9219999909401,256.32800006866455,238.7853999853134],"typestyle":[316.96800005435944,311.06900000572205,277.54199999570847,352.2950000166893,278.7680000066757,307.328400015831]}}}
