{"duration":{"react-jss":[63.91499994788319,16.070000012405217,15.950000029988587,31.97833333009233],"styled-components":[21.825000003445894,17.404999991413206,16.36999996844679,18.533333321101964],"typestyle":[17.56000000750646,17.059999983757734,17.445000004954636,17.35499999873961]},"domInteractive":{"react-jss":[63.719999976456165,15.925000014249235,15.750000020489097,31.798333337064832],"styled-components":[21.5749999624677,17.21499999985099,16.109999967738986,18.299999976685893],"typestyle":[17.395000031683594,16.854999994393438,17.2249999595806,17.158333328552544]},"domContentLoadedEventEnd":{"react-jss":[63.74999997206032,15.94499999191612,15.775000036228448,31.82333333340163],"styled-components":[21.61499997600913,17.234999977517873,16.13000000361353,18.32666665238018],"typestyle":[17.42500002728775,16.874999972060323,17.244999995455146,17.181666664934408]},"domComplete":{"react-jss":[63.90999996801838,16.070000012405217,15.94499999191612,31.974999990779907],"styled-components":[21.819999965373427,17.4000000115484,16.34499995270744,18.521666643209755],"typestyle":[17.555000027641654,17.05500000389293,17.43999996688217,17.34999999947225]},"FirstMeaningfulPaint":{"react-jss":[26.142999947071075,18.633000016212463,24.735000014305115,23.170333325862885],"styled-components":[22.250000059604645,43.14399999380112,27.398999989032745,30.931000014146168],"typestyle":[26.02700001001358,29.49799996614456,19.972999930381775,25.165999968846638]}}
