{"home":{"duration":{"react-jss":[60.77999999979511,27.790000021923333,39.63999997358769,42.73666666510204],"styled-components":[57.985000021290034,6390.214999963064,39.31999998167157,2162.5066666553416],"typestyle":[48.765000014100224,35.700000007636845,38.62499998649582,41.030000002744295]},"domInteractive":{"react-jss":[60.53499999688938,27.600000030361116,39.44500000216067,42.52666667647039],"styled-components":[56.955000036396086,6389.064999995753,37.819999968633056,2161.2800000002608],"typestyle":[48.5200000111945,35.475000040605664,38.41500001726672,40.80333335635563]},"domContentLoadedEventEnd":{"react-jss":[60.585000028368086,27.63500000583008,39.47999997762963,42.566666670609266],"styled-components":[56.994999991729856,6389.104999951087,37.85500000230968,2161.3183333150423],"typestyle":[48.55499998666346,35.525000013876706,38.475000008475035,40.85166666967174]},"domComplete":{"react-jss":[60.7750000199303,27.78000000398606,39.634999993722886,42.73000000587975],"styled-components":[57.97999998321757,6390.209999983199,39.315000001806766,2162.5016666560746],"typestyle":[48.75999997602776,35.674999991897494,38.62499998649582,41.01999998480702]},"FirstMeaningfulPaint":{"react-jss":[41.169999957084656,40.523999989032745,51.24600005149841,44.313333332538605],"styled-components":[46.96900004148483,49.69300001859665,60.9990000128746,52.55366669098536],"typestyle":[45.65099996328354,51.853999972343445,39.68699997663498,45.730666637420654]}},"table":{"duration":{"react-jss":[194.07000002684072,164.2349999747239,109.56499999156222,155.9566666643756],"styled-components":[214.90999998059124,266.91499998560175,250.23000000510365,244.01833332376555],"typestyle":[81.25500002643093,84.93000001180917,82.5499999918975,82.91166667671253]},"domInteractive":{"react-jss":[69.59500000812113,59.14999998640269,68.59499996062368,65.77999998504917],"styled-components":[105.05499999271706,136.64499996230006,119.5900000166148,120.42999999054398],"typestyle":[60.80500001553446,62.199999985750765,59.67500002589077,60.893333342392]},"domContentLoadedEventEnd":{"react-jss":[69.62500000372529,59.17999998200685,68.62499995622784,65.80999998065333],"styled-components":[105.09000002639368,136.69000001391396,119.62499999208376,120.46833334413047],"typestyle":[60.824999993201345,62.225000001490116,59.690000023692846,60.91333333946144]},"domComplete":{"react-jss":[194.06000000890344,164.2299999948591,109.55999995348975,155.94999998575076],"styled-components":[214.90000002086163,266.9049999676645,250.21500000730157,244.0066666652759],"typestyle":[81.25000004656613,84.9199999938719,82.54000003216788,82.9033333575353]},"FirstMeaningfulPaint":{"react-jss":[200.30799996852875,165.68799996376038,184.62099999189377,183.53899997472763],"styled-components":[214.10499995946884,225.216000020504,246.9869999885559,228.76933332284293],"typestyle":[315.59099996089935,305.7119999527931,307.6030000448227,309.63533331950504]}}}
