{"duration":{"react-jss":[74.7550000087358,22.34999998472631,17.820000008214265,38.30833333389213],"typestyle":[34.29499996127561,18.964999995660037,15.00999997369945,22.75666664354503]},"domInteractive":{"react-jss":[64.21499996213242,21.984999999403954,17.475000000558794,34.55833332069839],"typestyle":[34.17499997885898,18.754999968223274,14.9049999890849,22.61166664538905]},"domContentLoadedEventEnd":{"react-jss":[64.24500001594424,22.025000012945384,17.500000016298145,34.59000001506259],"typestyle":[34.189999976661056,18.78499996382743,14.925000024959445,22.63333332181598]},"domComplete":{"react-jss":[74.7550000087358,22.34999998472631,17.81500002834946,38.306666673937194],"typestyle":[34.27999996347353,18.954999977722764,15.004999993834645,22.74666664501031]},"FirstMeaningfulPaint":{"react-jss":[26.371999979019165,32.303000032901764,22.352999985218048,27.009333332379658],"typestyle":[19.38899999856949,23.084999978542328,41.6240000128746,28.032666663328808]}}
